{
  "videos/sample_11_Misleading_Context_Understanding.mp4": 147.168005,
  "videos/sample_14_Multimodal_Alignment.mp4": 134.442993,
  "videos/sample_154_real.mp4": 149.629002,
  "videos/sample_12_Scene_Understanding_1-25.mp4": 154.598005,
  "videos/sample_103_real.mp4": 239.63,
  "videos/sample_158_real.mp4": 152.531995,
  "videos/sample_159_real.mp4": 224.026009,
  "videos/sample_161_real.mp4": 209.978005,
  "videos/sample_119_real.mp4": 388.4,
  "videos/sample_15_proactive.mp4": 181.741995,
  "videos/sample_14_proactive.mp4": 186.873991,
  "videos/sample_1_real.mp4": 188.28,
  "videos/sample_10_proactive.mp4": 530.923991,
  "videos/sample_202_real.mp4": 240.976009,
  "videos/sample_203_real.mp4": 200.225011,
  "videos/sample_21_Anomaly_Context_Understanding.mp4": 120.742993,
  "videos/sample_206_real.mp4": 235.913991,
  "videos/sample_210_real.mp4": 230.341995,
  "videos/sample_213_real.mp4": 261.223991,
  "videos/sample_219_real.mp4": 341.24,
  "videos/sample_28_sqa.mp4": 185.62,
  "videos/sample_23_real.mp4": 326.008005,
  "videos/sample_23_proactive.mp4": 486.503991,
  "videos/sample_20_proactive.mp4": 485.088005,
  "videos/sample_27_sqa.mp4": 257.740998,
  "videos/sample_26_Source_Discrimination.mp4": 169.412993,
  "videos/sample_31_Anomaly_Context_Understanding.mp4": 135.349002,
  "videos/sample_2_Scene_Understanding_1-25.mp4": 175.426009,
  "videos/sample_38_proactive.mp4": 215.782993,
  "videos/sample_42_Emotion_Recognition.mp4": 186.038005,
  "videos/sample_254_real.mp4": 236.1,
  "videos/sample_41_proactive.mp4": 276.130998,
  "videos/sample_42_Multimodal_Alignment.mp4": 268.376009,
  "videos/sample_295_real.mp4": 207.54,
  "videos/sample_43_Source_Discrimination.mp4": 195.023991,
  "videos/sample_376_real.mp4": 191.889002,
  "videos/sample_44_Emotion_Recognition.mp4": 147.586009,
  "videos/sample_3_proactive.mp4": 506.101995,
  "videos/sample_6_Misleading_Context_Understanding.mp4": 144.567007,
  "videos/sample_377_real.mp4": 206.309002,
  "videos/sample_9_real.mp4": 90.005,
  "videos/sample_4_real.mp4": 231.060998,
  "videos/sample_43_proactive.mp4": 411.201995,
  "videos/sample_44_proactive.mp4": 370.311995,
  "videos/sample_6_sqa.mp4": 409.52
}