{
  "bucket_labels": [
    "<1m",
    "1-3m",
    "3-5m",
    "5-10m",
    "10-20m",
    "20-30m",
    "30-60m",
    "60m+"
  ],
  "bucket_ranges": [
    [
      0,
      60
    ],
    [
      60,
      180
    ],
    [
      180,
      300
    ],
    [
      300,
      600
    ],
    [
      600,
      1200
    ],
    [
      1200,
      1800
    ],
    [
      1800,
      3600
    ],
    [
      3600,
      null
    ]
  ],
  "per_task": {
    "real": {
      "unit": "per-sample video duration",
      "stats": {
        "n": 2252,
        "min": 90.0,
        "p25": 522.105867,
        "median": 607.22,
        "mean": 608.7731086642984,
        "p75": 679.996372,
        "p90": 846.019048,
        "max": 1389.342766,
        "sum": 1370957.040712,
        "counts": [
          0,
          6,
          122,
          920,
          1197,
          7,
          0,
          0
        ]
      },
      "n_samples": 2252
    },
    "omni": {
      "unit": "per-sample video duration",
      "stats": {
        "n": 1500,
        "min": 120.743764,
        "p25": 295.497143,
        "median": 533.292698,
        "mean": 535.5340432466667,
        "p75": 705.515102,
        "p90": 854.122812,
        "max": 1691.341497,
        "sum": 803301.06487,
        "counts": [
          0,
          70,
          320,
          505,
          565,
          40,
          0,
          0
        ]
      },
      "n_samples": 1500
    },
    "sqa": {
      "unit": "per-group video duration",
      "stats": {
        "n": 50,
        "min": 185.620317,
        "p25": 564.578984,
        "median": 583.145941,
        "mean": 592.08674818,
        "p75": 614.252031,
        "p90": 742.17941,
        "max": 842.62,
        "sum": 29604.337409,
        "counts": [
          0,
          0,
          2,
          32,
          16,
          0,
          0,
          0
        ]
      },
      "n_samples": 50
    },
    "proactive": {
      "unit": "per-sample video duration",
      "stats": {
        "n": 248,
        "min": 181.742585,
        "p25": 439.228662,
        "median": 693.533605,
        "mean": 635.1827021532258,
        "p75": 809.21542,
        "p90": 851.336417,
        "max": 1200.819955,
        "sum": 157525.310134,
        "counts": [
          0,
          0,
          20,
          85,
          138,
          5,
          0,
          0
        ]
      },
      "n_samples": 248
    }
  },
  "overall": {
    "total_samples": 4050,
    "total_tasks": 4,
    "stats": {
      "n": 4050,
      "min": 90.0,
      "p25": 439.228662,
      "median": 597.937052,
      "mean": 583.0587044753086,
      "p75": 701.42839,
      "p90": 848.155283,
      "max": 1691.341497,
      "sum": 2361387.753125,
      "counts": [
        0,
        76,
        464,
        1542,
        1916,
        52,
        0,
        0
      ]
    }
  }
}